School,Conference,ref
Air Force,Mountain West,https://goairforcefalcons.com/sports/football/schedule/2024
Akron,MAC,https://gozips.com/sports/football/schedule/2024
Alabama,SEC,https://rolltide.com/sports/football/schedule/2024
Appalachian State,Sun Belt,https://appstatesports.com/sports/football/schedule/2024
Arizona,Big 12,https://arizonawildcats.com/sports/football/schedule/2024
Arizona State,Big 12,https://thesundevils.com/sports/football/schedule/2024
Arkansas,SEC,https://arkansasrazorbacks.com/sport/m-footbl/schedule/
Arkansas State,Sun Belt,https://astateredwolves.com/sports/football/schedule/2024
Army West Point,American,https://goarmywestpoint.com/sports/football/schedule/2024
Auburn,SEC,https://auburntigers.com/sports/football/schedule/2024
Ball State,MAC,https://ballstatesports.com/sports/football/schedule/2024
Baylor,Big 12,https://baylorbears.com/sports/football/schedule/2024
Boise State,Mountain West,https://broncosports.com/sports/football/schedule/2024
Boston College,ACC,https://bceagles.com/sports/football/schedule/2024
Bowling Green,MAC,https://bgsufalcons.com/sports/football/schedule/2024
Buffalo,MAC,https://ubbulls.com/sports/football/schedule/2024
BYU,Big 12,https://byucougars.com/sports/football/schedule/season/2024
California,ACC,https://calbears.com/sports/football/schedule/2024
Central Michigan,MAC,https://cmuchippewas.com/sports/football/schedule/2024
Charlotte,American,https://charlotte49ers.com/sports/football/schedule/2024
Cincinnati,Big 12,https://gobearcats.com/sports/football/schedule/2024
Clemson,ACC,https://clemsontigers.com/sports/football/schedule/
Coastal Carolina,Sun Belt,https://goccusports.com/sports/football/schedule/2024
Colorado,Big 12,https://cubuffs.com/sports/football/schedule/2024
Colorado State,Mountain West,https://csurams.com/sports/football/schedule/2024
Duke,ACC,https://goduke.com/sports/football/schedule/2024
ECU,American,https://ecupirates.com/sports/football/schedule/2024
Eastern Michigan,MAC,https://emueagles.com/sports/football/schedule/2024
FIU,C-USA,https://fiusports.com/sports/football/schedule
Florida,SEC,https://floridagators.com/sports/football/schedule/2024
Florida Atlantic,American,https://fausports.com/sports/football/schedule/2024
Florida State*,ACC,https://seminoles.com/sports/football/schedule/
Fresno State,Mountain West,https://gobulldogs.com/sports/football/schedule/2024
Georgia,SEC,https://georgiadogs.com/sports/football/schedule/2024
Georgia Southern,Sun Belt,https://gseagles.com/sports/football/schedule/2024
Georgia State,Sun Belt,https://georgiastatesports.com/sports/football/schedule/2024
Georgia Tech,ACC,https://ramblinwreck.com/sports/m-footbl/schedule/
Hawaii,Mountain West,https://hawaiiathletics.com/sports/football/schedule/2024
Houston,Big 12,https://uhcougars.com/sports/football/schedule/2024
Illinois,Big Ten,https://fightingillini.com/sports/football/schedule/2024
Indiana,Big Ten,https://iuhoosiers.com/sports/football/schedule/2024
Iowa,Big Ten,https://hawkeyesports.com/sports/football/schedule/
Iowa State,Big 12,https://cyclones.com/sports/football/schedule/2024
Jacksonville State,C-USA,https://jaxstatesports.com/sports/football/schedule/2024
James Madison,Sun Belt,https://jmusports.com/sports/football/schedule/2024
Kansas*,Big 12,https://kuathletics.com/sports/football/schedule/
Kansas State,Big 12,https://www.kstatesports.com/sports/football/schedule/2024
Kennesaw State,C-USA,https://ksuowls.com/sports/football/schedule
Kent State,MAC,https://kentstatesports.com/sports/football/schedule/2024
Kentucky,SEC,https://ukathletics.com/sports/football/schedule/season/2024/
Liberty,C-USA,https://libertyflames.com/sports/football/schedule
Louisiana,Sun Belt,https://ragincajuns.com/sports/football/schedule/2024
Louisiana Tech,C-USA,https://latechsports.com/sports/football/schedule/2024
Louisianaâ€“Monroe,Sun Belt,https://ulmwarhawks.com/sports/football/schedule/2024
Louisville,ACC,https://gocards.com/sports/football/schedule/2024
LSU,SEC,https://lsusports.net/sports/fb/schedule/
Marshall,Sun Belt,https://herdzone.com/sports/football/schedule/2024
Maryland,Big Ten,https://umterps.com/sports/football/schedule/2024
Massachusetts,Independent,https://umassathletics.com/sports/football/schedule/2024
Memphis,American,https://gotigersgo.com/sports/football/schedule/2024
Miami (FL),ACC,https://miamihurricanes.com/sports/football/schedule/
Miami (OH),MAC,https://miamiredhawks.com/sports/football/schedule/2024
Michigan,Big Ten,https://mgoblue.com/sports/football/schedule/2024
Michigan State,Big Ten,https://msuspartans.com/sports/football/schedule/2024
Middle Tennessee,C-USA,https://goblueraiders.com/sports/football/schedule/2024
Minnesota,Big Ten,https://gophersports.com/sports/football/schedule/2024
Mississippi State,SEC,https://hailstate.com/sports/football/schedule/2024
Missouri,SEC,https://mutigers.com/sports/football/schedule/2024
Navy,American,https://navysports.com/sports/football/schedule/2024
NC State,ACC,https://gopack.com/sports/football/schedule/2024
Nebraska,Big Ten,https://huskers.com/sports/football/schedule
Nevada,Mountain West,https://nevadawolfpack.com/sports/football/schedule/2024
New Mexico,Mountain West,https://golobos.com/sports/football/schedule/
New Mexico State,C-USA,https://nmstatesports.com/sports/football/schedule/2024
North Carolina,ACC,https://goheels.com/sports/football/schedule/2024
North Texas,American,https://meangreensports.com/sports/football/schedule/2024
Northern Illinois,MAC,https://niuhuskies.com/sports/football/schedule/2024
Northwestern*,Big Ten,https://nusports.com/sports/football/schedule/2024
Notre Dame,Independent,https://und.com/sports/football/schedule/
Ohio,MAC,https://ohiobobcats.com/sports/football/schedule/2024
Ohio State,Big Ten,https://ohiostatebuckeyes.com/sports/football/schedule
Oklahoma,SEC,https://soonersports.com/sports/football/schedule/2024
Oklahoma State,Big 12,https://okstate.com/sports/football/schedule/2024
Old Dominion,Sun Belt,https://odusports.com/sports/football/schedule/2024
Ole Miss,SEC,https://olemisssports.com/sports/football/schedule/2024
Oregon,Big Ten,https://goducks.com/sports/football/schedule/2024
Oregon State,Pac-12,https://osubeavers.com/sports/football/schedule/2024
Penn State,Big Ten,https://gopsusports.com/sports/football/schedule
Pittsburgh,ACC,https://pittsburghpanthers.com/sports/football/schedule/2024
Purdue,Big Ten,https://purduesports.com/sports/football/schedule/2024
Rice,American,https://riceowls.com/sports/football/schedule/2024
Rutgers,Big Ten,https://scarletknights.com/sports/football/schedule/2024
Sam Houston State,C-USA,https://gobearkats.com/sports/football/schedule
San Diego State,Mountain West,https://goaztecs.com/sports/football/schedule/2024
San Jose State,Mountain West,https://sjsuspartans.com/sports/football/schedule
SMU,ACC,https://smumustangs.com/sports/football/schedule/2024
South Alabama,Sun Belt,https://usajaguars.com/sports/football/schedule/2024
South Carolina,SEC,https://gamecocksonline.com/sports/football/schedule/season/2024/
South Florida,American,https://gousfbulls.com/sports/football/schedule/2024
Southern Miss,Sun Belt,https://southernmiss.com/sports/football/schedule/2024
Stanford,ACC,https://gostanford.com/sports/football/schedule/2024
Syracuse,ACC,https://cuse.com/sports/football/schedule/2024
TCU,Big 12,https://gofrogs.com/sports/football/schedule/2024
Temple,American,https://owlsports.com/sports/football/schedule/2024
Tennessee,SEC,https://utsports.com/sports/football/schedule/2024
Texas,SEC,https://texassports.com/sports/football/schedule/2024
Texas A&M,SEC,https://12thman.com/sports/football/schedule/2024
Texas State,Sun Belt,https://txst.com/sports/football/schedule/2024
Texas Tech,Big 12,https://texastech.com/sports/football/schedule/2024
Toledo,MAC,https://utrockets.com/sports/football/schedule/2024
Troy,Sun Belt,https://troytrojans.com/sports/football/schedule/2024
Tulane,American,https://tulanegreenwave.com/sports/football/schedule/2024
Tulsa,American,https://tulsahurricane.com/sports/football/schedule
UAB,American,https://uabsports.com/sports/football/schedule/2024
UCF,Big 12,https://ucfknights.com/sports/football/schedule/
UCLA,Big Ten,https://uclabruins.com/sports/football/schedule/2024
UConn,Independent,https://uconnhuskies.com/sports/football/schedule/2024
UNLV,Mountain West,https://unlvrebels.com/sports/football/schedule/2024
USC,Big Ten,https://usctrojans.com/sports/football/schedule/2024
Utah,Big 12,https://utahutes.com/sports/football/schedule/2024
Utah State,Mountain West,https://utahstateaggies.com/sports/football/schedule/2024
UTEP,C-USA,https://utepminers.com/sports/football/schedule/2024
UTSA,American,https://goutsa.com/sports/football/schedule/
Vanderbilt,SEC,https://vucommodores.com/sports/football/schedule/
Virginia,ACC,https://virginiasports.com/sports/football/schedule/
Virginia Tech,ACC,https://hokiesports.com/sports/football/schedule
Wake Forest,ACC,https://godeacs.com/sports/football/schedule/2024
Washington,Big Ten,https://gohuskies.com/sports/football/schedule/2024
Washington State,Pac-12,https://wsucougars.com/sports/football/schedule/2024
West Virginia,Big 12,https://wvusports.com/sports/football/schedule/2024
Western Kentucky,C-USA,https://wkusports.com/sports/football/schedule/2024
Western Michigan,MAC,https://wmubroncos.com/sports/football/schedule/2024
Wisconsin,Big Ten,https://uwbadgers.com/sports/football/schedule/2024
Wyoming,Mountain West,https://gowyo.com/sports/football/schedule/2024
